userId,logDate
83674,2025-11-24
83674,2025-11-24
83674,2025-11-24
83674,2025-11-24
83674,2025-11-25
83674,2025-11-25
83674,2025-11-25
83674,2025-11-25
83674,2025-11-25
83674,2025-11-26
83674,2025-11-26
83674,2025-11-26
83674,2025-11-26
83674,2025-11-27
83674,2025-11-28
83674,2025-11-28
83674,2025-11-28
83674,2025-11-28
83674,2025-11-28
83674,2025-11-28
83674,2025-11-29
83674,2025-11-29
83674,2025-11-30
83674,2025-12-01
83674,2025-12-02
83674,2025-12-03
83674,2025-12-03
83674,2025-12-04
83674,2025-12-04
83674,2025-12-04
83674,2025-12-05
83674,2025-12-05
83674,2025-12-05
83674,2025-12-05
83674,2025-12-06
83674,2025-12-07
83674,2025-12-07
83674,2025-12-07
83674,2025-12-08
83674,2025-12-08
83674,2025-12-08
83674,2025-12-08
83674,2025-12-08
83674,2025-12-08
83674,2025-12-08
83674,2025-12-08
83674,2025-12-08
83674,2025-12-08
83674,2025-12-08
83674,2025-12-09
83674,2025-12-09
83674,2025-12-09
83674,2025-12-09
83674,2025-12-09
83674,2025-12-09
83674,2025-12-10
83674,2025-12-10
83674,2025-12-10
83674,2025-12-11
83674,2025-12-11
83674,2025-12-11
83674,2025-12-11
83674,2025-12-12
83674,2025-12-12
83674,2025-12-12
83674,2025-12-13
83674,2025-12-14
83674,2025-12-14
83674,2025-12-15
83674,2025-12-15
83674,2025-12-15
83674,2025-12-15
83674,2025-12-16
83674,2025-12-16
83674,2025-12-17
83674,2025-12-17
84288,2025-11-24
84288,2025-11-24
84288,2025-11-24
84288,2025-11-24
84288,2025-11-24
84288,2025-11-24
84288,2025-11-24
84288,2025-11-24
84288,2025-11-24
84288,2025-11-24
84288,2025-11-25
84288,2025-11-25
84288,2025-11-25
84288,2025-11-25
84288,2025-11-25
84288,2025-11-26
84288,2025-11-26
84288,2025-11-26
84288,2025-11-26
84288,2025-11-26
84288,2025-11-26
84288,2025-11-26
84288,2025-11-26
84288,2025-11-27
84288,2025-11-27
84288,2025-11-27
84288,2025-11-27
84288,2025-11-27
84288,2025-11-27
84288,2025-11-27
84288,2025-11-27
84288,2025-11-27
84288,2025-11-27
84288,2025-11-27
84288,2025-11-27
84288,2025-11-27
84288,2025-11-27
84288,2025-11-28
84288,2025-11-28
84288,2025-11-28
84288,2025-11-28
84288,2025-11-28
84288,2025-11-28
84288,2025-11-28
84288,2025-11-28
84288,2025-11-28
84288,2025-11-28
84288,2025-11-28
84288,2025-11-29
84288,2025-11-29
84288,2025-11-29
84288,2025-11-29
84288,2025-11-30
84288,2025-11-30
84288,2025-11-30
84288,2025-11-30
84288,2025-11-30
84288,2025-11-30
84288,2025-11-30
84288,2025-11-30
84288,2025-11-30
84288,2025-12-01
84288,2025-12-01
84288,2025-12-01
84288,2025-12-01
84288,2025-12-02
84288,2025-12-02
84288,2025-12-02
84288,2025-12-02
84288,2025-12-02
84288,2025-12-02
84288,2025-12-02
84288,2025-12-02
84288,2025-12-02
84288,2025-12-02
84288,2025-12-02
84288,2025-12-02
84288,2025-12-03
84288,2025-12-03
84288,2025-12-03
84288,2025-12-03
84288,2025-12-03
84288,2025-12-03
84288,2025-12-03
84288,2025-12-03
84288,2025-12-03
84288,2025-12-03
84288,2025-12-03
84288,2025-12-03
84288,2025-12-03
84288,2025-12-03
84288,2025-12-03
84288,2025-12-03
84288,2025-12-03
84288,2025-12-03
84288,2025-12-03
84288,2025-12-04
84288,2025-12-04
84288,2025-12-04
84288,2025-12-04
84288,2025-12-04
84288,2025-12-04
84288,2025-12-04
84288,2025-12-05
84288,2025-12-05
84288,2025-12-05
84288,2025-12-05
84288,2025-12-05
84288,2025-12-05
84288,2025-12-05
84288,2025-12-05
84288,2025-12-05
84288,2025-12-05
84288,2025-12-05
84288,2025-12-05
84288,2025-12-06
84288,2025-12-06
84288,2025-12-06
84288,2025-12-06
84288,2025-12-06
84288,2025-12-06
84288,2025-12-06
84288,2025-12-06
84288,2025-12-06
84288,2025-12-06
84288,2025-12-06
84288,2025-12-06
84288,2025-12-06
84288,2025-12-06
84288,2025-12-07
84288,2025-12-07
84288,2025-12-07
84288,2025-12-07
84288,2025-12-07
84288,2025-12-07
84288,2025-12-07
84288,2025-12-08
84288,2025-12-08
84288,2025-12-08
84288,2025-12-08
84288,2025-12-08
84288,2025-12-08
84288,2025-12-08
84288,2025-12-08
84288,2025-12-08
84288,2025-12-08
84288,2025-12-08
84288,2025-12-08
84288,2025-12-09
84288,2025-12-09
84288,2025-12-09
84288,2025-12-09
84288,2025-12-09
84288,2025-12-09
84288,2025-12-09
84288,2025-12-09
84288,2025-12-09
84288,2025-12-09
84288,2025-12-09
84288,2025-12-09
84288,2025-12-09
84288,2025-12-09
84288,2025-12-10
84288,2025-12-10
84288,2025-12-10
84288,2025-12-10
84288,2025-12-10
84288,2025-12-11
84288,2025-12-11
84288,2025-12-11
84288,2025-12-11
84288,2025-12-11
84288,2025-12-12
84288,2025-12-12
84288,2025-12-12
84288,2025-12-12
84288,2025-12-12
84288,2025-12-12
84288,2025-12-13
84288,2025-12-13
84288,2025-12-13
84288,2025-12-13
84288,2025-12-13
84288,2025-12-13
84288,2025-12-14
84288,2025-12-14
84288,2025-12-15
84288,2025-12-15
84288,2025-12-15
84288,2025-12-15
84288,2025-12-15
84288,2025-12-15
84288,2025-12-15
84288,2025-12-15
84288,2025-12-15
84288,2025-12-15
84288,2025-12-15
84288,2025-12-15
84288,2025-12-16
84288,2025-12-16
84288,2025-12-16
84288,2025-12-16
84288,2025-12-16
84288,2025-12-17
84288,2025-12-17
84288,2025-12-17
84288,2025-12-17
84288,2025-12-17
84635,2025-11-24
84635,2025-11-24
84635,2025-11-24
84635,2025-11-24
84635,2025-11-24
84635,2025-11-24
84635,2025-11-24
84635,2025-11-24
84635,2025-11-24
84635,2025-11-24
84635,2025-11-24
84635,2025-11-24
84635,2025-11-24
84635,2025-11-24
84635,2025-11-25
84635,2025-11-25
84635,2025-11-25
84635,2025-11-25
84635,2025-11-25
84635,2025-11-25
84635,2025-11-25
84635,2025-11-25
84635,2025-11-25
84635,2025-11-25
84635,2025-11-25
84635,2025-11-25
84635,2025-11-26
84635,2025-11-26
84635,2025-11-26
84635,2025-11-26
84635,2025-11-26
84635,2025-11-26
84635,2025-11-26
84635,2025-11-26
84635,2025-11-26
84635,2025-11-26
84635,2025-11-26
84635,2025-11-26
84635,2025-11-26
84635,2025-11-26
84635,2025-11-26
84635,2025-11-27
84635,2025-11-27
84635,2025-11-27
84635,2025-11-27
84635,2025-11-27
84635,2025-11-27
84635,2025-11-27
84635,2025-11-27
84635,2025-11-27
84635,2025-11-27
84635,2025-11-27
84635,2025-11-27
84635,2025-11-27
84635,2025-11-28
84635,2025-11-28
84635,2025-11-28
84635,2025-11-28
84635,2025-11-28
84635,2025-11-28
84635,2025-11-28
84635,2025-11-28
84635,2025-11-28
84635,2025-11-28
84635,2025-11-28
84635,2025-11-28
84635,2025-11-28
84635,2025-11-28
84635,2025-11-28
84635,2025-11-28
84635,2025-11-28
84635,2025-11-28
84635,2025-11-28
84635,2025-11-28
84635,2025-11-28
84635,2025-11-28
84635,2025-11-28
84635,2025-11-28
84635,2025-11-28
84635,2025-11-28
84635,2025-11-29
84635,2025-11-29
84635,2025-11-29
84635,2025-11-29
84635,2025-11-29
84635,2025-11-29
84635,2025-11-29
84635,2025-11-29
84635,2025-11-29
84635,2025-11-29
84635,2025-11-29
84635,2025-11-29
84635,2025-11-29
84635,2025-11-29
84635,2025-11-29
84635,2025-11-29
84635,2025-11-29
84635,2025-11-30
84635,2025-11-30
84635,2025-11-30
84635,2025-11-30
84635,2025-11-30
84635,2025-11-30
84635,2025-11-30
84635,2025-11-30
84635,2025-11-30
84635,2025-11-30
84635,2025-11-30
84635,2025-12-01
84635,2025-12-01
84635,2025-12-01
84635,2025-12-01
84635,2025-12-01
84635,2025-12-01
84635,2025-12-01
84635,2025-12-01
84635,2025-12-01
84635,2025-12-01
84635,2025-12-01
84635,2025-12-01
84635,2025-12-01
84635,2025-12-02
84635,2025-12-02
84635,2025-12-02
84635,2025-12-02
84635,2025-12-02
84635,2025-12-02
84635,2025-12-02
84635,2025-12-02
84635,2025-12-02
84635,2025-12-02
84635,2025-12-02
84635,2025-12-02
84635,2025-12-02
84635,2025-12-02
84635,2025-12-02
84635,2025-12-02
84635,2025-12-02
84635,2025-12-02
84635,2025-12-02
84635,2025-12-02
84635,2025-12-02
84635,2025-12-02
84635,2025-12-03
84635,2025-12-03
84635,2025-12-03
84635,2025-12-03
84635,2025-12-03
84635,2025-12-03
84635,2025-12-03
84635,2025-12-03
84635,2025-12-03
84635,2025-12-03
84635,2025-12-03
84635,2025-12-03
84635,2025-12-03
84635,2025-12-03
84635,2025-12-03
84635,2025-12-03
84635,2025-12-03
84635,2025-12-03
84635,2025-12-03
84635,2025-12-04
84635,2025-12-04
84635,2025-12-04
84635,2025-12-04
84635,2025-12-04
84635,2025-12-04
84635,2025-12-04
84635,2025-12-04
84635,2025-12-04
84635,2025-12-04
84635,2025-12-04
84635,2025-12-04
84635,2025-12-05
84635,2025-12-05
84635,2025-12-05
84635,2025-12-05
84635,2025-12-05
84635,2025-12-05
84635,2025-12-05
84635,2025-12-05
84635,2025-12-05
84635,2025-12-05
84635,2025-12-05
84635,2025-12-05
84635,2025-12-05
84635,2025-12-05
84635,2025-12-05
84635,2025-12-06
84635,2025-12-06
84635,2025-12-06
84635,2025-12-06
84635,2025-12-06
84635,2025-12-06
84635,2025-12-06
84635,2025-12-06
84635,2025-12-06
84635,2025-12-06
84635,2025-12-06
84635,2025-12-06
84635,2025-12-06
84635,2025-12-06
84635,2025-12-06
84635,2025-12-06
84635,2025-12-06
84635,2025-12-06
84635,2025-12-07
84635,2025-12-07
84635,2025-12-07
84635,2025-12-07
84635,2025-12-07
84635,2025-12-07
84635,2025-12-07
84635,2025-12-07
84635,2025-12-07
84635,2025-12-07
84635,2025-12-07
84635,2025-12-07
84635,2025-12-07
84635,2025-12-07
84635,2025-12-07
84635,2025-12-08
84635,2025-12-08
84635,2025-12-08
84635,2025-12-08
84635,2025-12-08
84635,2025-12-08
84635,2025-12-08
84635,2025-12-08
84635,2025-12-08
84635,2025-12-08
84635,2025-12-08
84635,2025-12-08
84635,2025-12-08
84635,2025-12-08
84635,2025-12-08
84635,2025-12-08
84635,2025-12-09
84635,2025-12-09
84635,2025-12-09
84635,2025-12-09
84635,2025-12-09
84635,2025-12-09
84635,2025-12-09
84635,2025-12-09
84635,2025-12-09
84635,2025-12-09
84635,2025-12-09
84635,2025-12-09
84635,2025-12-09
84635,2025-12-09
84635,2025-12-09
84635,2025-12-09
84635,2025-12-09
84635,2025-12-09
84635,2025-12-09
84635,2025-12-09
84635,2025-12-09
84635,2025-12-09
84635,2025-12-09
84635,2025-12-09
84635,2025-12-09
84635,2025-12-09
84635,2025-12-10
84635,2025-12-10
84635,2025-12-10
84635,2025-12-10
84635,2025-12-10
84635,2025-12-10
84635,2025-12-10
84635,2025-12-10
84635,2025-12-10
84635,2025-12-10
84635,2025-12-10
84635,2025-12-10
84635,2025-12-10
84635,2025-12-10
84635,2025-12-10
84635,2025-12-10
84635,2025-12-10
84635,2025-12-10
84635,2025-12-10
84635,2025-12-11
84635,2025-12-11
84635,2025-12-11
84635,2025-12-11
84635,2025-12-11
84635,2025-12-11
84635,2025-12-11
84635,2025-12-11
84635,2025-12-11
84635,2025-12-11
84635,2025-12-11
84635,2025-12-11
84635,2025-12-11
84635,2025-12-11
84635,2025-12-11
84635,2025-12-11
84635,2025-12-12
84635,2025-12-12
84635,2025-12-12
84635,2025-12-12
84635,2025-12-12
84635,2025-12-12
84635,2025-12-12
84635,2025-12-12
84635,2025-12-12
84635,2025-12-13
84635,2025-12-13
84635,2025-12-13
84635,2025-12-13
84635,2025-12-13
84635,2025-12-13
84635,2025-12-13
84635,2025-12-13
84635,2025-12-13
84635,2025-12-13
84635,2025-12-13
84635,2025-12-13
84635,2025-12-13
84635,2025-12-13
84635,2025-12-14
84635,2025-12-14
84635,2025-12-14
84635,2025-12-14
84635,2025-12-14
84635,2025-12-14
84635,2025-12-15
84635,2025-12-15
84635,2025-12-15
84635,2025-12-15
84635,2025-12-15
84635,2025-12-15
84635,2025-12-15
84635,2025-12-15
84635,2025-12-15
84635,2025-12-15
84635,2025-12-15
84635,2025-12-15
84635,2025-12-15
84635,2025-12-15
84635,2025-12-15
84635,2025-12-15
84635,2025-12-15
84635,2025-12-15
84635,2025-12-15
84635,2025-12-15
84635,2025-12-16
84635,2025-12-16
84635,2025-12-16
84635,2025-12-16
84635,2025-12-16
84635,2025-12-16
84635,2025-12-16
84635,2025-12-16
84635,2025-12-16
84635,2025-12-16
84635,2025-12-16
84635,2025-12-16
84635,2025-12-17
84635,2025-12-17
84635,2025-12-17
84635,2025-12-17
84635,2025-12-17
84635,2025-12-17
84635,2025-12-17
84635,2025-12-17
84635,2025-12-17
84635,2025-12-17
84635,2025-12-17
167486,2025-11-24
167486,2025-11-24
167486,2025-11-25
167486,2025-11-25
167486,2025-11-26
167486,2025-11-27
167486,2025-11-27
167486,2025-11-28
167486,2025-11-28
167486,2025-11-28
167486,2025-11-28
167486,2025-11-28
167486,2025-11-28
167486,2025-11-28
167486,2025-11-28
167486,2025-11-28
167486,2025-11-29
167486,2025-11-29
167486,2025-11-29
167486,2025-11-29
167486,2025-11-30
167486,2025-11-30
167486,2025-11-30
167486,2025-11-30
167486,2025-11-30
167486,2025-11-30
167486,2025-12-01
167486,2025-12-01
167486,2025-12-01
167486,2025-12-02
167486,2025-12-02
167486,2025-12-02
167486,2025-12-02
167486,2025-12-03
167486,2025-12-03
167486,2025-12-03
167486,2025-12-03
167486,2025-12-03
167486,2025-12-03
167486,2025-12-04
167486,2025-12-04
167486,2025-12-04
167486,2025-12-04
167486,2025-12-05
167486,2025-12-06
167486,2025-12-06
167486,2025-12-07
167486,2025-12-07
167486,2025-12-07
167486,2025-12-08
167486,2025-12-08
167486,2025-12-08
167486,2025-12-08
167486,2025-12-09
167486,2025-12-09
167486,2025-12-09
167486,2025-12-10
167486,2025-12-10
167486,2025-12-11
167486,2025-12-12
167486,2025-12-12
167486,2025-12-12
167486,2025-12-12
167486,2025-12-13
167486,2025-12-13
167486,2025-12-13
167486,2025-12-13
167486,2025-12-14
167486,2025-12-14
167486,2025-12-14
167486,2025-12-16
167486,2025-12-16
167486,2025-12-16
167486,2025-12-16
167486,2025-12-16
167486,2025-12-16
167486,2025-12-17
167486,2025-12-17
167486,2025-12-17
167486,2025-12-17
167682,2025-11-24
167682,2025-11-27
167682,2025-11-27
167682,2025-11-28
167682,2025-11-28
167682,2025-11-28
167682,2025-11-28
167682,2025-11-29
167682,2025-11-29
167682,2025-11-29
167682,2025-11-30
167682,2025-12-01
167682,2025-12-01
167682,2025-12-01
167682,2025-12-01
167682,2025-12-01
167682,2025-12-01
167682,2025-12-01
167682,2025-12-01
167682,2025-12-02
167682,2025-12-02
167682,2025-12-02
167682,2025-12-03
167682,2025-12-03
167682,2025-12-03
167682,2025-12-03
167682,2025-12-03
167682,2025-12-03
167682,2025-12-03
167682,2025-12-04
167682,2025-12-04
167682,2025-12-04
167682,2025-12-04
167682,2025-12-05
167682,2025-12-05
167682,2025-12-05
167682,2025-12-05
167682,2025-12-06
167682,2025-12-07
167682,2025-12-07
167682,2025-12-08
167682,2025-12-08
167682,2025-12-08
167682,2025-12-09
167682,2025-12-10
167682,2025-12-11
167682,2025-12-11
167682,2025-12-11
167682,2025-12-11
167682,2025-12-12
167682,2025-12-12
167682,2025-12-12
167682,2025-12-12
167682,2025-12-12
167682,2025-12-12
167682,2025-12-17
167682,2025-12-17
167682,2025-12-17
167682,2025-12-17
209207,2025-11-24
209207,2025-11-24
209207,2025-11-24
209207,2025-11-24
209207,2025-11-25
209207,2025-11-25
209207,2025-11-25
209207,2025-11-26
209207,2025-11-27
209207,2025-11-28
209207,2025-11-28
209207,2025-11-28
209207,2025-11-29
209207,2025-12-01
209207,2025-12-01
209207,2025-12-02
209207,2025-12-03
209207,2025-12-03
209207,2025-12-03
209207,2025-12-04
209207,2025-12-04
209207,2025-12-05
209207,2025-12-05
209207,2025-12-07
209207,2025-12-08
209207,2025-12-08
209207,2025-12-08
209207,2025-12-09
209207,2025-12-09
209207,2025-12-10
209207,2025-12-10
209207,2025-12-10
209207,2025-12-11
209207,2025-12-11
209207,2025-12-11
209207,2025-12-11
209207,2025-12-11
209207,2025-12-11
209207,2025-12-12
209207,2025-12-12
209207,2025-12-12
209207,2025-12-12
209207,2025-12-12
209207,2025-12-12
209207,2025-12-13
209207,2025-12-13
209207,2025-12-13
209207,2025-12-14
209207,2025-12-15
209207,2025-12-15
209207,2025-12-15
209207,2025-12-15
209207,2025-12-16
209207,2025-12-16
209207,2025-12-16
209207,2025-12-17
209207,2025-12-17
209207,2025-12-17
835846,2025-11-24
835846,2025-11-24
835846,2025-11-24
835846,2025-11-24
835846,2025-11-24
835846,2025-11-24
835846,2025-11-24
835846,2025-11-25
835846,2025-11-25
835846,2025-11-25
835846,2025-11-25
835846,2025-11-25
835846,2025-11-25
835846,2025-11-25
835846,2025-11-25
835846,2025-11-25
835846,2025-11-26
835846,2025-11-26
835846,2025-11-26
835846,2025-11-26
835846,2025-11-26
835846,2025-11-26
835846,2025-11-26
835846,2025-11-26
835846,2025-11-27
835846,2025-11-27
835846,2025-11-27
835846,2025-11-27
835846,2025-11-27
835846,2025-11-27
835846,2025-11-27
835846,2025-11-27
835846,2025-11-28
835846,2025-11-28
835846,2025-11-28
835846,2025-11-28
835846,2025-11-28
835846,2025-11-29
835846,2025-11-29
835846,2025-11-29
835846,2025-11-29
835846,2025-11-29
835846,2025-11-30
835846,2025-11-30
835846,2025-11-30
835846,2025-11-30
835846,2025-11-30
835846,2025-11-30
835846,2025-11-30
835846,2025-11-30
835846,2025-11-30
835846,2025-11-30
835846,2025-11-30
835846,2025-12-01
835846,2025-12-01
835846,2025-12-01
835846,2025-12-01
835846,2025-12-01
835846,2025-12-02
835846,2025-12-02
835846,2025-12-02
835846,2025-12-02
835846,2025-12-02
835846,2025-12-03
835846,2025-12-03
835846,2025-12-03
835846,2025-12-03
835846,2025-12-03
835846,2025-12-03
835846,2025-12-03
835846,2025-12-04
835846,2025-12-05
835846,2025-12-05
835846,2025-12-05
835846,2025-12-05
835846,2025-12-05
835846,2025-12-06
835846,2025-12-06
835846,2025-12-06
835846,2025-12-06
835846,2025-12-06
835846,2025-12-06
835846,2025-12-07
835846,2025-12-07
835846,2025-12-07
835846,2025-12-07
835846,2025-12-07
835846,2025-12-07
835846,2025-12-07
835846,2025-12-07
835846,2025-12-07
835846,2025-12-07
835846,2025-12-07
835846,2025-12-07
835846,2025-12-07
835846,2025-12-08
835846,2025-12-08
835846,2025-12-08
835846,2025-12-08
835846,2025-12-09
835846,2025-12-09
835846,2025-12-09
835846,2025-12-10
835846,2025-12-11
835846,2025-12-11
835846,2025-12-11
835846,2025-12-11
835846,2025-12-12
835846,2025-12-12
835846,2025-12-12
835846,2025-12-13
835846,2025-12-13
835846,2025-12-13
835846,2025-12-13
835846,2025-12-13
835846,2025-12-13
835846,2025-12-13
835846,2025-12-14
835846,2025-12-14
835846,2025-12-14
835846,2025-12-14
835846,2025-12-14
835846,2025-12-15
835846,2025-12-15
835846,2025-12-15
835846,2025-12-15
835846,2025-12-15
835846,2025-12-15
835846,2025-12-16
835846,2025-12-16
835846,2025-12-16
835846,2025-12-16
835846,2025-12-17
835846,2025-12-17
835846,2025-12-17
835846,2025-12-17
835846,2025-12-17
835846,2025-12-17
835846,2025-12-17
835846,2025-12-17
835846,2025-12-17
4797679,2025-11-24
4797679,2025-11-24
4797679,2025-11-24
4797679,2025-11-24
4797679,2025-11-24
4797679,2025-11-24
4797679,2025-11-25
4797679,2025-11-25
4797679,2025-11-25
4797679,2025-11-25
4797679,2025-11-26
4797679,2025-11-26
4797679,2025-11-26
4797679,2025-11-26
4797679,2025-11-26
4797679,2025-11-26
4797679,2025-11-27
4797679,2025-11-27
4797679,2025-11-27
4797679,2025-11-27
4797679,2025-11-27
4797679,2025-11-27
4797679,2025-11-27
4797679,2025-11-27
4797679,2025-11-28
4797679,2025-11-28
4797679,2025-11-28
4797679,2025-11-28
4797679,2025-11-28
4797679,2025-11-29
4797679,2025-11-29
4797679,2025-11-29
4797679,2025-11-29
4797679,2025-11-29
4797679,2025-11-29
4797679,2025-11-29
4797679,2025-11-29
4797679,2025-11-29
4797679,2025-11-29
4797679,2025-11-29
4797679,2025-11-29
4797679,2025-11-29
4797679,2025-11-29
4797679,2025-11-30
4797679,2025-11-30
4797679,2025-11-30
4797679,2025-11-30
4797679,2025-11-30
4797679,2025-11-30
4797679,2025-11-30
4797679,2025-11-30
4797679,2025-12-01
4797679,2025-12-01
4797679,2025-12-01
4797679,2025-12-01
4797679,2025-12-01
4797679,2025-12-01
4797679,2025-12-01
4797679,2025-12-01
4797679,2025-12-02
4797679,2025-12-02
4797679,2025-12-02
4797679,2025-12-02
4797679,2025-12-02
4797679,2025-12-02
4797679,2025-12-02
4797679,2025-12-02
4797679,2025-12-02
4797679,2025-12-03
4797679,2025-12-03
4797679,2025-12-03
4797679,2025-12-03
4797679,2025-12-03
4797679,2025-12-03
4797679,2025-12-03
4797679,2025-12-04
4797679,2025-12-04
4797679,2025-12-04
4797679,2025-12-04
4797679,2025-12-04
4797679,2025-12-05
4797679,2025-12-05
4797679,2025-12-05
4797679,2025-12-05
4797679,2025-12-05
4797679,2025-12-06
4797679,2025-12-06
4797679,2025-12-06
4797679,2025-12-06
4797679,2025-12-07
4797679,2025-12-07
4797679,2025-12-07
4797679,2025-12-07
4797679,2025-12-08
4797679,2025-12-08
4797679,2025-12-08
4797679,2025-12-08
4797679,2025-12-09
4797679,2025-12-09
4797679,2025-12-09
4797679,2025-12-09
4797679,2025-12-09
4797679,2025-12-09
4797679,2025-12-10
4797679,2025-12-10
4797679,2025-12-10
4797679,2025-12-10
4797679,2025-12-10
4797679,2025-12-10
4797679,2025-12-11
4797679,2025-12-11
4797679,2025-12-11
4797679,2025-12-12
4797679,2025-12-13
4797679,2025-12-13
4797679,2025-12-14
4797679,2025-12-15
4797679,2025-12-15
4797679,2025-12-15
4797679,2025-12-16
4797679,2025-12-16
4797679,2025-12-17
5039865,2025-11-24
5039865,2025-11-24
5039865,2025-11-25
5039865,2025-11-25
5039865,2025-11-25
5039865,2025-11-26
5039865,2025-11-26
5039865,2025-11-28
5039865,2025-11-27
5039865,2025-11-28
5039865,2025-11-28
5039865,2025-11-29
5039865,2025-11-29
5039865,2025-11-30
5039865,2025-11-30
5039865,2025-12-01
5039865,2025-12-01
5039865,2025-12-01
5039865,2025-12-01
5039865,2025-12-01
5039865,2025-12-01
5039865,2025-12-01
5039865,2025-12-01
5039865,2025-12-01
5039865,2025-12-01
5039865,2025-12-01
5039865,2025-12-02
5039865,2025-12-02
5039865,2025-12-02
5039865,2025-12-02
5039865,2025-12-02
5039865,2025-12-02
5039865,2025-12-03
5039865,2025-12-03
5039865,2025-12-03
5039865,2025-12-03
5039865,2025-12-03
5039865,2025-12-03
5039865,2025-12-04
5039865,2025-12-04
5039865,2025-12-04
5039865,2025-12-04
5039865,2025-12-04
5039865,2025-12-04
5039865,2025-12-05
5039865,2025-12-05
5039865,2025-12-06
5039865,2025-12-07
5039865,2025-12-07
5039865,2025-12-07
5039865,2025-12-07
5039865,2025-12-08
5039865,2025-12-08
5039865,2025-12-08
5039865,2025-12-08
5039865,2025-12-08
5039865,2025-12-08
5039865,2025-12-08
5039865,2025-12-09
5039865,2025-12-09
5039865,2025-12-09
5039865,2025-12-09
5039865,2025-12-09
5039865,2025-12-09
5039865,2025-12-09
5039865,2025-12-09
5039865,2025-12-09
5039865,2025-12-09
5039865,2025-12-09
5039865,2025-12-09
5039865,2025-12-10
5039865,2025-12-10
5039865,2025-12-10
5039865,2025-12-10
5039865,2025-12-10
5039865,2025-12-10
5039865,2025-12-10
5039865,2025-12-11
5039865,2025-12-11
5039865,2025-12-11
5039865,2025-12-11
5039865,2025-12-11
5039865,2025-12-11
5039865,2025-12-12
5039865,2025-12-12
5039865,2025-12-12
5039865,2025-12-12
5039865,2025-12-12
5039865,2025-12-13
5039865,2025-12-13
5039865,2025-12-13
5039865,2025-12-13
5039865,2025-12-13
5039865,2025-12-13
5039865,2025-12-13
5039865,2025-12-13
5039865,2025-12-14
5039865,2025-12-14
5039865,2025-12-14
5039865,2025-12-15
5039865,2025-12-15
5039865,2025-12-15
5039865,2025-12-16
5039865,2025-12-16
5039865,2025-12-16
5039865,2025-12-16
5039865,2025-12-16
5039865,2025-12-16
5039865,2025-12-16
5039865,2025-12-16
5039865,2025-12-16
5039865,2025-12-16
5039865,2025-12-17
5039865,2025-12-17
5039865,2025-12-17
5039865,2025-12-17
5039865,2025-12-17
5039865,2025-12-17
6166080,2025-11-24
6166080,2025-11-24
6166080,2025-11-24
6166080,2025-11-24
6166080,2025-11-24
6166080,2025-11-24
6166080,2025-11-25
6166080,2025-11-25
6166080,2025-11-25
6166080,2025-11-25
6166080,2025-11-26
6166080,2025-11-26
6166080,2025-11-26
6166080,2025-11-26
6166080,2025-11-26
6166080,2025-11-26
6166080,2025-11-26
6166080,2025-11-27
6166080,2025-11-27
6166080,2025-11-27
6166080,2025-11-27
6166080,2025-11-27
6166080,2025-11-27
6166080,2025-11-27
6166080,2025-11-27
6166080,2025-11-27
6166080,2025-11-27
6166080,2025-11-28
6166080,2025-11-28
6166080,2025-11-28
6166080,2025-11-28
6166080,2025-11-28
6166080,2025-11-28
6166080,2025-11-28
6166080,2025-11-28
6166080,2025-11-28
6166080,2025-11-28
6166080,2025-11-28
6166080,2025-11-28
6166080,2025-11-28
6166080,2025-11-28
6166080,2025-11-28
6166080,2025-11-28
6166080,2025-11-28
6166080,2025-11-28
6166080,2025-11-28
6166080,2025-11-28
6166080,2025-11-29
6166080,2025-11-29
6166080,2025-11-29
6166080,2025-11-29
6166080,2025-11-29
6166080,2025-11-29
6166080,2025-11-29
6166080,2025-11-29
6166080,2025-11-29
6166080,2025-11-30
6166080,2025-11-30
6166080,2025-11-30
6166080,2025-11-30
6166080,2025-11-30
6166080,2025-11-30
6166080,2025-12-01
6166080,2025-12-01
6166080,2025-12-01
6166080,2025-12-01
6166080,2025-12-01
6166080,2025-12-01
6166080,2025-12-01
6166080,2025-12-02
6166080,2025-12-02
6166080,2025-12-02
6166080,2025-12-02
6166080,2025-12-02
6166080,2025-12-02
6166080,2025-12-02
6166080,2025-12-02
6166080,2025-12-02
6166080,2025-12-02
6166080,2025-12-02
6166080,2025-12-02
6166080,2025-12-02
6166080,2025-12-03
6166080,2025-12-03
6166080,2025-12-03
6166080,2025-12-03
6166080,2025-12-03
6166080,2025-12-03
6166080,2025-12-03
6166080,2025-12-03
6166080,2025-12-03
6166080,2025-12-03
6166080,2025-12-04
6166080,2025-12-04
6166080,2025-12-04
6166080,2025-12-04
6166080,2025-12-04
6166080,2025-12-04
6166080,2025-12-04
6166080,2025-12-04
6166080,2025-12-04
6166080,2025-12-04
6166080,2025-12-04
6166080,2025-12-04
6166080,2025-12-04
6166080,2025-12-04
6166080,2025-12-04
6166080,2025-12-05
6166080,2025-12-05
6166080,2025-12-05
6166080,2025-12-05
6166080,2025-12-05
6166080,2025-12-05
6166080,2025-12-06
6166080,2025-12-06
6166080,2025-12-06
6166080,2025-12-06
6166080,2025-12-06
6166080,2025-12-06
6166080,2025-12-07
6166080,2025-12-07
6166080,2025-12-07
6166080,2025-12-07
6166080,2025-12-07
6166080,2025-12-08
6166080,2025-12-08
6166080,2025-12-08
6166080,2025-12-08
6166080,2025-12-08
6166080,2025-12-08
6166080,2025-12-08
6166080,2025-12-08
6166080,2025-12-08
6166080,2025-12-08
6166080,2025-12-09
6166080,2025-12-09
6166080,2025-12-09
6166080,2025-12-09
6166080,2025-12-09
6166080,2025-12-09
6166080,2025-12-09
6166080,2025-12-09
6166080,2025-12-09
6166080,2025-12-09
6166080,2025-12-09
6166080,2025-12-09
6166080,2025-12-09
6166080,2025-12-09
6166080,2025-12-09
6166080,2025-12-10
6166080,2025-12-10
6166080,2025-12-10
6166080,2025-12-10
6166080,2025-12-10
6166080,2025-12-10
6166080,2025-12-10
6166080,2025-12-10
6166080,2025-12-10
6166080,2025-12-10
6166080,2025-12-11
6166080,2025-12-11
6166080,2025-12-11
6166080,2025-12-11
6166080,2025-12-11
6166080,2025-12-11
6166080,2025-12-11
6166080,2025-12-11
6166080,2025-12-11
6166080,2025-12-11
6166080,2025-12-12
6166080,2025-12-12
6166080,2025-12-12
6166080,2025-12-12
6166080,2025-12-12
6166080,2025-12-12
6166080,2025-12-12
6166080,2025-12-12
6166080,2025-12-12
6166080,2025-12-12
6166080,2025-12-12
6166080,2025-12-12
6166080,2025-12-13
6166080,2025-12-13
6166080,2025-12-13
6166080,2025-12-13
6166080,2025-12-13
6166080,2025-12-13
6166080,2025-12-13
6166080,2025-12-13
6166080,2025-12-13
6166080,2025-12-13
6166080,2025-12-13
6166080,2025-12-14
6166080,2025-12-14
6166080,2025-12-14
6166080,2025-12-14
6166080,2025-12-14
6166080,2025-12-14
6166080,2025-12-14
6166080,2025-12-15
6166080,2025-12-15
6166080,2025-12-15
6166080,2025-12-15
6166080,2025-12-15
6166080,2025-12-15
6166080,2025-12-15
6166080,2025-12-15
6166080,2025-12-15
6166080,2025-12-15
6166080,2025-12-16
6166080,2025-12-16
6166080,2025-12-16
6166080,2025-12-16
6166080,2025-12-16
6166080,2025-12-16
6166080,2025-12-16
6166080,2025-12-16
6166080,2025-12-16
6166080,2025-12-16
6166080,2025-12-16
6166080,2025-12-16
6166080,2025-12-17
6166080,2025-12-17
6166080,2025-12-17
6166080,2025-12-17
6166080,2025-12-17
6166080,2025-12-17
6166080,2025-12-17
6166080,2025-12-17
6166080,2025-12-17
6166080,2025-12-17
6166080,2025-12-17
6166166,2025-11-24
6166166,2025-11-24
6166166,2025-11-24
6166166,2025-11-24
6166166,2025-11-25
6166166,2025-11-25
6166166,2025-11-25
6166166,2025-11-25
6166166,2025-11-25
6166166,2025-11-26
6166166,2025-11-26
6166166,2025-11-26
6166166,2025-11-26
6166166,2025-11-26
6166166,2025-11-26
6166166,2025-11-27
6166166,2025-11-27
6166166,2025-11-27
6166166,2025-11-27
6166166,2025-11-27
6166166,2025-11-27
6166166,2025-11-28
6166166,2025-11-28
6166166,2025-11-28
6166166,2025-11-28
6166166,2025-11-28
6166166,2025-11-28
6166166,2025-11-29
6166166,2025-11-29
6166166,2025-11-29
6166166,2025-11-29
6166166,2025-11-29
6166166,2025-11-30
6166166,2025-11-30
6166166,2025-11-30
6166166,2025-11-30
6166166,2025-12-01
6166166,2025-12-01
6166166,2025-12-01
6166166,2025-12-01
6166166,2025-12-01
6166166,2025-12-02
6166166,2025-12-02
6166166,2025-12-02
6166166,2025-12-03
6166166,2025-12-03
6166166,2025-12-03
6166166,2025-12-03
6166166,2025-12-03
6166166,2025-12-03
6166166,2025-12-03
6166166,2025-12-03
6166166,2025-12-03
6166166,2025-12-03
6166166,2025-12-03
6166166,2025-12-04
6166166,2025-12-04
6166166,2025-12-05
6166166,2025-12-05
6166166,2025-12-05
6166166,2025-12-05
6166166,2025-12-05
6166166,2025-12-06
6166166,2025-12-06
6166166,2025-12-06
6166166,2025-12-06
6166166,2025-12-06
6166166,2025-12-07
6166166,2025-12-07
6166166,2025-12-07
6166166,2025-12-08
6166166,2025-12-08
6166166,2025-12-08
6166166,2025-12-08
6166166,2025-12-08
6166166,2025-12-09
6166166,2025-12-09
6166166,2025-12-09
6166166,2025-12-09
6166166,2025-12-09
6166166,2025-12-09
6166166,2025-12-09
6166166,2025-12-10
6166166,2025-12-10
6166166,2025-12-10
6166166,2025-12-10
6166166,2025-12-10
6166166,2025-12-10
6166166,2025-12-10
6166166,2025-12-11
6166166,2025-12-11
6166166,2025-12-11
6166166,2025-12-11
6166166,2025-12-12
6166166,2025-12-12
6166166,2025-12-12
6166166,2025-12-12
6166166,2025-12-12
6166166,2025-12-12
6166166,2025-12-12
6166166,2025-12-13
6166166,2025-12-13
6166166,2025-12-13
6166166,2025-12-13
6166166,2025-12-13
6166166,2025-12-13
6166166,2025-12-14
6166166,2025-12-14
6166166,2025-12-14
6166166,2025-12-15
6166166,2025-12-16
6166166,2025-12-16
6166166,2025-12-16
6166166,2025-12-16
6166166,2025-12-16
6166166,2025-12-16
6166166,2025-12-16
6166166,2025-12-17
6166166,2025-12-17
6166166,2025-12-17
6166166,2025-12-17
6166166,2025-12-17
6166166,2025-12-17
6166227,2025-11-24
6166227,2025-11-24
6166227,2025-11-25
6166227,2025-11-25
6166227,2025-11-25
6166227,2025-11-25
6166227,2025-11-26
6166227,2025-11-26
6166227,2025-11-26
6166227,2025-11-26
6166227,2025-11-26
6166227,2025-11-26
6166227,2025-11-26
6166227,2025-11-26
6166227,2025-11-26
6166227,2025-11-26
6166227,2025-11-26
6166227,2025-11-26
6166227,2025-11-27
6166227,2025-11-27
6166227,2025-11-27
6166227,2025-11-27
6166227,2025-11-27
6166227,2025-11-27
6166227,2025-11-27
6166227,2025-11-27
6166227,2025-11-27
6166227,2025-11-27
6166227,2025-11-27
6166227,2025-11-27
6166227,2025-11-27
6166227,2025-11-28
6166227,2025-11-28
6166227,2025-11-28
6166227,2025-11-28
6166227,2025-11-28
6166227,2025-11-28
6166227,2025-11-28
6166227,2025-11-28
6166227,2025-11-28
6166227,2025-11-28
6166227,2025-11-28
6166227,2025-11-28
6166227,2025-11-28
6166227,2025-11-28
6166227,2025-11-28
6166227,2025-11-28
6166227,2025-11-28
6166227,2025-11-28
6166227,2025-11-28
6166227,2025-11-28
6166227,2025-11-28
6166227,2025-11-28
6166227,2025-11-28
6166227,2025-11-28
6166227,2025-11-28
6166227,2025-11-28
6166227,2025-11-28
6166227,2025-11-28
6166227,2025-11-28
6166227,2025-11-28
6166227,2025-11-28
6166227,2025-11-28
6166227,2025-11-28
6166227,2025-11-28
6166227,2025-11-28
6166227,2025-11-28
6166227,2025-11-28
6166227,2025-11-28
6166227,2025-11-28
6166227,2025-11-28
6166227,2025-11-28
6166227,2025-11-28
6166227,2025-11-29
6166227,2025-11-29
6166227,2025-11-29
6166227,2025-11-29
6166227,2025-11-29
6166227,2025-11-29
6166227,2025-11-29
6166227,2025-11-29
6166227,2025-11-29
6166227,2025-11-29
6166227,2025-11-29
6166227,2025-11-29
6166227,2025-11-29
6166227,2025-11-29
6166227,2025-11-29
6166227,2025-11-29
6166227,2025-11-29
6166227,2025-11-29
6166227,2025-11-29
6166227,2025-11-29
6166227,2025-11-29
6166227,2025-11-29
6166227,2025-11-29
6166227,2025-11-29
6166227,2025-11-29
6166227,2025-11-29
6166227,2025-11-29
6166227,2025-11-29
6166227,2025-11-29
6166227,2025-11-29
6166227,2025-11-29
6166227,2025-11-29
6166227,2025-11-29
6166227,2025-11-29
6166227,2025-11-29
6166227,2025-11-29
6166227,2025-11-29
6166227,2025-11-29
6166227,2025-11-30
6166227,2025-11-30
6166227,2025-11-30
6166227,2025-11-30
6166227,2025-11-30
6166227,2025-11-30
6166227,2025-11-30
6166227,2025-11-30
6166227,2025-11-30
6166227,2025-11-30
6166227,2025-11-30
6166227,2025-11-30
6166227,2025-11-30
6166227,2025-11-30
6166227,2025-11-30
6166227,2025-11-30
6166227,2025-11-30
6166227,2025-11-30
6166227,2025-11-30
6166227,2025-11-30
6166227,2025-11-30
6166227,2025-11-30
6166227,2025-11-30
6166227,2025-11-30
6166227,2025-11-30
6166227,2025-11-30
6166227,2025-11-30
6166227,2025-11-30
6166227,2025-11-30
6166227,2025-11-30
6166227,2025-11-30
6166227,2025-11-30
6166227,2025-12-01
6166227,2025-12-01
6166227,2025-12-01
6166227,2025-12-01
6166227,2025-12-01
6166227,2025-12-01
6166227,2025-12-01
6166227,2025-12-01
6166227,2025-12-01
6166227,2025-12-01
6166227,2025-12-01
6166227,2025-12-01
6166227,2025-12-01
6166227,2025-12-01
6166227,2025-12-01
6166227,2025-12-01
6166227,2025-12-01
6166227,2025-12-01
6166227,2025-12-01
6166227,2025-12-01
6166227,2025-12-01
6166227,2025-12-01
6166227,2025-12-01
6166227,2025-12-01
6166227,2025-12-01
6166227,2025-12-01
6166227,2025-12-01
6166227,2025-12-02
6166227,2025-12-02
6166227,2025-12-02
6166227,2025-12-02
6166227,2025-12-02
6166227,2025-12-02
6166227,2025-12-02
6166227,2025-12-02
6166227,2025-12-02
6166227,2025-12-02
6166227,2025-12-02
6166227,2025-12-02
6166227,2025-12-02
6166227,2025-12-02
6166227,2025-12-02
6166227,2025-12-02
6166227,2025-12-02
6166227,2025-12-02
6166227,2025-12-02
6166227,2025-12-02
6166227,2025-12-02
6166227,2025-12-02
6166227,2025-12-02
6166227,2025-12-02
6166227,2025-12-02
6166227,2025-12-02
6166227,2025-12-02
6166227,2025-12-02
6166227,2025-12-02
6166227,2025-12-02
6166227,2025-12-02
6166227,2025-12-02
6166227,2025-12-02
6166227,2025-12-02
6166227,2025-12-02
6166227,2025-12-02
6166227,2025-12-02
6166227,2025-12-02
6166227,2025-12-02
6166227,2025-12-02
6166227,2025-12-02
6166227,2025-12-02
6166227,2025-12-02
6166227,2025-12-02
6166227,2025-12-02
6166227,2025-12-02
6166227,2025-12-03
6166227,2025-12-03
6166227,2025-12-03
6166227,2025-12-03
6166227,2025-12-03
6166227,2025-12-03
6166227,2025-12-03
6166227,2025-12-03
6166227,2025-12-03
6166227,2025-12-03
6166227,2025-12-03
6166227,2025-12-03
6166227,2025-12-03
6166227,2025-12-03
6166227,2025-12-03
6166227,2025-12-03
6166227,2025-12-03
6166227,2025-12-03
6166227,2025-12-03
6166227,2025-12-03
6166227,2025-12-03
6166227,2025-12-03
6166227,2025-12-03
6166227,2025-12-03
6166227,2025-12-03
6166227,2025-12-03
6166227,2025-12-03
6166227,2025-12-03
6166227,2025-12-03
6166227,2025-12-03
6166227,2025-12-03
6166227,2025-12-03
6166227,2025-12-03
6166227,2025-12-03
6166227,2025-12-03
6166227,2025-12-03
6166227,2025-12-04
6166227,2025-12-04
6166227,2025-12-04
6166227,2025-12-04
6166227,2025-12-04
6166227,2025-12-04
6166227,2025-12-04
6166227,2025-12-04
6166227,2025-12-04
6166227,2025-12-04
6166227,2025-12-04
6166227,2025-12-04
6166227,2025-12-04
6166227,2025-12-04
6166227,2025-12-04
6166227,2025-12-04
6166227,2025-12-04
6166227,2025-12-04
6166227,2025-12-04
6166227,2025-12-04
6166227,2025-12-04
6166227,2025-12-04
6166227,2025-12-04
6166227,2025-12-04
6166227,2025-12-04
6166227,2025-12-04
6166227,2025-12-04
6166227,2025-12-04
6166227,2025-12-04
6166227,2025-12-04
6166227,2025-12-04
6166227,2025-12-04
6166227,2025-12-04
6166227,2025-12-04
6166227,2025-12-04
6166227,2025-12-04
6166227,2025-12-04
6166227,2025-12-04
6166227,2025-12-04
6166227,2025-12-05
6166227,2025-12-05
6166227,2025-12-05
6166227,2025-12-05
6166227,2025-12-05
6166227,2025-12-05
6166227,2025-12-05
6166227,2025-12-05
6166227,2025-12-05
6166227,2025-12-05
6166227,2025-12-05
6166227,2025-12-05
6166227,2025-12-05
6166227,2025-12-05
6166227,2025-12-05
6166227,2025-12-05
6166227,2025-12-05
6166227,2025-12-05
6166227,2025-12-05
6166227,2025-12-05
6166227,2025-12-05
6166227,2025-12-05
6166227,2025-12-05
6166227,2025-12-05
6166227,2025-12-05
6166227,2025-12-05
6166227,2025-12-05
6166227,2025-12-05
6166227,2025-12-05
6166227,2025-12-05
6166227,2025-12-05
6166227,2025-12-05
6166227,2025-12-05
6166227,2025-12-06
6166227,2025-12-06
6166227,2025-12-06
6166227,2025-12-06
6166227,2025-12-06
6166227,2025-12-06
6166227,2025-12-06
6166227,2025-12-06
6166227,2025-12-06
6166227,2025-12-06
6166227,2025-12-06
6166227,2025-12-06
6166227,2025-12-06
6166227,2025-12-06
6166227,2025-12-06
6166227,2025-12-06
6166227,2025-12-06
6166227,2025-12-06
6166227,2025-12-06
6166227,2025-12-06
6166227,2025-12-06
6166227,2025-12-06
6166227,2025-12-06
6166227,2025-12-06
6166227,2025-12-06
6166227,2025-12-06
6166227,2025-12-06
6166227,2025-12-06
6166227,2025-12-06
6166227,2025-12-06
6166227,2025-12-06
6166227,2025-12-06
6166227,2025-12-06
6166227,2025-12-06
6166227,2025-12-06
6166227,2025-12-06
6166227,2025-12-06
6166227,2025-12-06
6166227,2025-12-06
6166227,2025-12-06
6166227,2025-12-06
6166227,2025-12-06
6166227,2025-12-06
6166227,2025-12-07
6166227,2025-12-07
6166227,2025-12-07
6166227,2025-12-07
6166227,2025-12-07
6166227,2025-12-07
6166227,2025-12-07
6166227,2025-12-07
6166227,2025-12-07
6166227,2025-12-07
6166227,2025-12-07
6166227,2025-12-07
6166227,2025-12-07
6166227,2025-12-07
6166227,2025-12-07
6166227,2025-12-07
6166227,2025-12-07
6166227,2025-12-07
6166227,2025-12-07
6166227,2025-12-07
6166227,2025-12-07
6166227,2025-12-07
6166227,2025-12-07
6166227,2025-12-07
6166227,2025-12-07
6166227,2025-12-07
6166227,2025-12-07
6166227,2025-12-07
6166227,2025-12-07
6166227,2025-12-07
6166227,2025-12-07
6166227,2025-12-07
6166227,2025-12-07
6166227,2025-12-07
6166227,2025-12-07
6166227,2025-12-07
6166227,2025-12-07
6166227,2025-12-07
6166227,2025-12-07
6166227,2025-12-07
6166227,2025-12-07
6166227,2025-12-08
6166227,2025-12-08
6166227,2025-12-08
6166227,2025-12-08
6166227,2025-12-08
6166227,2025-12-08
6166227,2025-12-08
6166227,2025-12-08
6166227,2025-12-08
6166227,2025-12-08
6166227,2025-12-08
6166227,2025-12-08
6166227,2025-12-08
6166227,2025-12-08
6166227,2025-12-08
6166227,2025-12-08
6166227,2025-12-08
6166227,2025-12-08
6166227,2025-12-08
6166227,2025-12-08
6166227,2025-12-08
6166227,2025-12-08
6166227,2025-12-08
6166227,2025-12-08
6166227,2025-12-08
6166227,2025-12-09
6166227,2025-12-09
6166227,2025-12-09
6166227,2025-12-09
6166227,2025-12-09
6166227,2025-12-09
6166227,2025-12-09
6166227,2025-12-09
6166227,2025-12-09
6166227,2025-12-09
6166227,2025-12-09
6166227,2025-12-09
6166227,2025-12-09
6166227,2025-12-09
6166227,2025-12-09
6166227,2025-12-09
6166227,2025-12-09
6166227,2025-12-09
6166227,2025-12-09
6166227,2025-12-09
6166227,2025-12-09
6166227,2025-12-09
6166227,2025-12-09
6166227,2025-12-09
6166227,2025-12-09
6166227,2025-12-09
6166227,2025-12-09
6166227,2025-12-09
6166227,2025-12-09
6166227,2025-12-09
6166227,2025-12-09
6166227,2025-12-09
6166227,2025-12-09
6166227,2025-12-09
6166227,2025-12-09
6166227,2025-12-09
6166227,2025-12-10
6166227,2025-12-10
6166227,2025-12-10
6166227,2025-12-10
6166227,2025-12-10
6166227,2025-12-10
6166227,2025-12-10
6166227,2025-12-10
6166227,2025-12-10
6166227,2025-12-10
6166227,2025-12-10
6166227,2025-12-10
6166227,2025-12-10
6166227,2025-12-10
6166227,2025-12-10
6166227,2025-12-10
6166227,2025-12-10
6166227,2025-12-10
6166227,2025-12-10
6166227,2025-12-10
6166227,2025-12-10
6166227,2025-12-10
6166227,2025-12-10
6166227,2025-12-10
6166227,2025-12-10
6166227,2025-12-10
6166227,2025-12-10
6166227,2025-12-10
6166227,2025-12-10
6166227,2025-12-10
6166227,2025-12-10
6166227,2025-12-10
6166227,2025-12-10
6166227,2025-12-10
6166227,2025-12-10
6166227,2025-12-10
6166227,2025-12-11
6166227,2025-12-11
6166227,2025-12-11
6166227,2025-12-11
6166227,2025-12-11
6166227,2025-12-11
6166227,2025-12-11
6166227,2025-12-11
6166227,2025-12-11
6166227,2025-12-11
6166227,2025-12-11
6166227,2025-12-11
6166227,2025-12-11
6166227,2025-12-11
6166227,2025-12-11
6166227,2025-12-11
6166227,2025-12-11
6166227,2025-12-11
6166227,2025-12-11
6166227,2025-12-11
6166227,2025-12-11
6166227,2025-12-11
6166227,2025-12-11
6166227,2025-12-11
6166227,2025-12-11
6166227,2025-12-11
6166227,2025-12-11
6166227,2025-12-11
6166227,2025-12-11
6166227,2025-12-11
6166227,2025-12-11
6166227,2025-12-11
6166227,2025-12-11
6166227,2025-12-11
6166227,2025-12-11
6166227,2025-12-11
6166227,2025-12-11
6166227,2025-12-11
6166227,2025-12-11
6166227,2025-12-11
6166227,2025-12-12
6166227,2025-12-12
6166227,2025-12-12
6166227,2025-12-12
6166227,2025-12-12
6166227,2025-12-12
6166227,2025-12-12
6166227,2025-12-12
6166227,2025-12-12
6166227,2025-12-12
6166227,2025-12-12
6166227,2025-12-12
6166227,2025-12-12
6166227,2025-12-12
6166227,2025-12-12
6166227,2025-12-12
6166227,2025-12-12
6166227,2025-12-12
6166227,2025-12-12
6166227,2025-12-12
6166227,2025-12-12
6166227,2025-12-12
6166227,2025-12-12
6166227,2025-12-12
6166227,2025-12-12
6166227,2025-12-12
6166227,2025-12-12
6166227,2025-12-12
6166227,2025-12-12
6166227,2025-12-13
6166227,2025-12-13
6166227,2025-12-13
6166227,2025-12-13
6166227,2025-12-13
6166227,2025-12-13
6166227,2025-12-13
6166227,2025-12-13
6166227,2025-12-13
6166227,2025-12-13
6166227,2025-12-13
6166227,2025-12-13
6166227,2025-12-13
6166227,2025-12-13
6166227,2025-12-13
6166227,2025-12-13
6166227,2025-12-13
6166227,2025-12-13
6166227,2025-12-13
6166227,2025-12-13
6166227,2025-12-13
6166227,2025-12-13
6166227,2025-12-13
6166227,2025-12-13
6166227,2025-12-13
6166227,2025-12-13
6166227,2025-12-13
6166227,2025-12-13
6166227,2025-12-13
6166227,2025-12-13
6166227,2025-12-13
6166227,2025-12-13
6166227,2025-12-13
6166227,2025-12-13
6166227,2025-12-13
6166227,2025-12-13
6166227,2025-12-13
6166227,2025-12-13
6166227,2025-12-13
6166227,2025-12-13
6166227,2025-12-13
6166227,2025-12-14
6166227,2025-12-14
6166227,2025-12-14
6166227,2025-12-14
6166227,2025-12-14
6166227,2025-12-14
6166227,2025-12-14
6166227,2025-12-14
6166227,2025-12-14
6166227,2025-12-14
6166227,2025-12-14
6166227,2025-12-14
6166227,2025-12-14
6166227,2025-12-14
6166227,2025-12-14
6166227,2025-12-14
6166227,2025-12-14
6166227,2025-12-14
6166227,2025-12-14
6166227,2025-12-14
6166227,2025-12-14
6166227,2025-12-14
6166227,2025-12-14
6166227,2025-12-14
6166227,2025-12-14
6166227,2025-12-14
6166227,2025-12-14
6166227,2025-12-14
6166227,2025-12-14
6166227,2025-12-14
6166227,2025-12-14
6166227,2025-12-15
6166227,2025-12-15
6166227,2025-12-15
6166227,2025-12-15
6166227,2025-12-15
6166227,2025-12-15
6166227,2025-12-15
6166227,2025-12-15
6166227,2025-12-15
6166227,2025-12-15
6166227,2025-12-15
6166227,2025-12-15
6166227,2025-12-15
6166227,2025-12-15
6166227,2025-12-15
6166227,2025-12-15
6166227,2025-12-15
6166227,2025-12-15
6166227,2025-12-15
6166227,2025-12-15
6166227,2025-12-15
6166227,2025-12-15
6166227,2025-12-15
6166227,2025-12-15
6166227,2025-12-15
6166227,2025-12-15
6166227,2025-12-15
6166227,2025-12-15
6166227,2025-12-15
6166227,2025-12-15
6166227,2025-12-15
6166227,2025-12-15
6166227,2025-12-15
6166227,2025-12-15
6166227,2025-12-15
6166227,2025-12-15
6166227,2025-12-15
6166227,2025-12-15
6166227,2025-12-15
6166227,2025-12-15
6166227,2025-12-16
6166227,2025-12-16
6166227,2025-12-16
6166227,2025-12-16
6166227,2025-12-16
6166227,2025-12-16
6166227,2025-12-16
6166227,2025-12-16
6166227,2025-12-16
6166227,2025-12-16
6166227,2025-12-16
6166227,2025-12-16
6166227,2025-12-16
6166227,2025-12-16
6166227,2025-12-16
6166227,2025-12-16
6166227,2025-12-16
6166227,2025-12-16
6166227,2025-12-16
6166227,2025-12-16
6166227,2025-12-16
6166227,2025-12-16
6166227,2025-12-16
6166227,2025-12-16
6166227,2025-12-16
6166227,2025-12-16
6166227,2025-12-16
6166227,2025-12-16
6166227,2025-12-16
6166227,2025-12-16
6166227,2025-12-16
6166227,2025-12-16
6166227,2025-12-16
6166227,2025-12-16
6166227,2025-12-16
6166227,2025-12-16
6166227,2025-12-16
6166227,2025-12-16
6166227,2025-12-16
6166227,2025-12-16
6166227,2025-12-16
6166227,2025-12-16
6166227,2025-12-16
6166227,2025-12-16
6166227,2025-12-16
6166227,2025-12-16
6166227,2025-12-16
6166227,2025-12-16
6166227,2025-12-16
6166227,2025-12-17
6166227,2025-12-17
6166227,2025-12-17
6166227,2025-12-17
6166227,2025-12-17
6166227,2025-12-17
6166227,2025-12-17
6166227,2025-12-17
6166227,2025-12-17
6166227,2025-12-17
6166227,2025-12-17
6166227,2025-12-17
6166227,2025-12-17
6166227,2025-12-17
6166227,2025-12-17
6166227,2025-12-17
6166227,2025-12-17
6166227,2025-12-17
6166227,2025-12-17
6166227,2025-12-17
6166227,2025-12-17
6166227,2025-12-17
6166227,2025-12-17
6166227,2025-12-17
6166227,2025-12-17
6166227,2025-12-17
6166227,2025-12-17
6166227,2025-12-17
6166227,2025-12-17
6166227,2025-12-17
6166227,2025-12-17
6166227,2025-12-17
6166227,2025-12-17
6166227,2025-12-17
6166227,2025-12-17
6166227,2025-12-17
6166227,2025-12-17
6166227,2025-12-17
6166227,2025-12-17
6166227,2025-12-17
6166227,2025-12-17
6166310,2025-11-24
6166310,2025-11-24
6166310,2025-11-24
6166310,2025-11-25
6166310,2025-11-25
6166310,2025-11-26
6166310,2025-11-26
6166310,2025-11-26
6166310,2025-11-27
6166310,2025-11-27
6166310,2025-11-29
6166310,2025-11-29
6166310,2025-11-29
6166310,2025-11-30
6166310,2025-11-30
6166310,2025-12-01
6166310,2025-12-01
6166310,2025-12-01
6166310,2025-12-01
6166310,2025-12-02
6166310,2025-12-02
6166310,2025-12-02
6166310,2025-12-02
6166310,2025-12-03
6166310,2025-12-03
6166310,2025-12-03
6166310,2025-12-03
6166310,2025-12-04
6166310,2025-12-04
6166310,2025-12-04
6166310,2025-12-05
6166310,2025-12-05
6166310,2025-12-05
6166310,2025-12-05
6166310,2025-12-06
6166310,2025-12-06
6166310,2025-12-08
6166310,2025-12-08
6166310,2025-12-08
6166310,2025-12-09
6166310,2025-12-10
6166310,2025-12-10
6166310,2025-12-11
6166310,2025-12-12
6166310,2025-12-12
6166310,2025-12-14
6166310,2025-12-14
6166310,2025-12-14
6166310,2025-12-15
6166310,2025-12-15
6166310,2025-12-15
6166310,2025-12-15
6166310,2025-12-15
6166310,2025-12-15
6166310,2025-12-15
6166310,2025-12-15
6166310,2025-12-16
6166310,2025-12-16
6166310,2025-12-17
6166310,2025-12-17
6166483,2025-11-24
6166483,2025-11-24
6166483,2025-11-24
6166483,2025-11-24
6166483,2025-11-24
6166483,2025-11-24
6166483,2025-11-24
6166483,2025-11-25
6166483,2025-11-25
6166483,2025-11-25
6166483,2025-11-25
6166483,2025-11-25
6166483,2025-11-25
6166483,2025-11-25
6166483,2025-11-25
6166483,2025-11-25
6166483,2025-11-25
6166483,2025-11-26
6166483,2025-11-26
6166483,2025-11-26
6166483,2025-11-26
6166483,2025-11-26
6166483,2025-11-27
6166483,2025-11-27
6166483,2025-11-27
6166483,2025-11-27
6166483,2025-11-27
6166483,2025-11-28
6166483,2025-11-28
6166483,2025-11-28
6166483,2025-11-29
6166483,2025-11-29
6166483,2025-11-29
6166483,2025-11-29
6166483,2025-11-29
6166483,2025-12-01
6166483,2025-12-01
6166483,2025-12-01
6166483,2025-12-01
6166483,2025-12-01
6166483,2025-12-02
6166483,2025-12-02
6166483,2025-12-02
6166483,2025-12-02
6166483,2025-12-02
6166483,2025-12-02
6166483,2025-12-02
6166483,2025-12-02
6166483,2025-12-02
6166483,2025-12-02
6166483,2025-12-03
6166483,2025-12-03
6166483,2025-12-03
6166483,2025-12-03
6166483,2025-12-04
6166483,2025-12-04
6166483,2025-12-04
6166483,2025-12-04
6166483,2025-12-04
6166483,2025-12-04
6166483,2025-12-04
6166483,2025-12-04
6166483,2025-12-04
6166483,2025-12-04
6166483,2025-12-05
6166483,2025-12-05
6166483,2025-12-05
6166483,2025-12-05
6166483,2025-12-05
6166483,2025-12-05
6166483,2025-12-05
6166483,2025-12-05
6166483,2025-12-05
6166483,2025-12-05
6166483,2025-12-05
6166483,2025-12-05
6166483,2025-12-05
6166483,2025-12-05
6166483,2025-12-05
6166483,2025-12-05
6166483,2025-12-05
6166483,2025-12-05
6166483,2025-12-05
6166483,2025-12-06
6166483,2025-12-06
6166483,2025-12-06
6166483,2025-12-06
6166483,2025-12-06
6166483,2025-12-06
6166483,2025-12-07
6166483,2025-12-07
6166483,2025-12-07
6166483,2025-12-07
6166483,2025-12-08
6166483,2025-12-08
6166483,2025-12-08
6166483,2025-12-08
6166483,2025-12-08
6166483,2025-12-08
6166483,2025-12-08
6166483,2025-12-08
6166483,2025-12-08
6166483,2025-12-08
6166483,2025-12-09
6166483,2025-12-09
6166483,2025-12-09
6166483,2025-12-09
6166483,2025-12-09
6166483,2025-12-09
6166483,2025-12-09
6166483,2025-12-09
6166483,2025-12-09
6166483,2025-12-09
6166483,2025-12-10
6166483,2025-12-10
6166483,2025-12-10
6166483,2025-12-10
6166483,2025-12-10
6166483,2025-12-10
6166483,2025-12-10
6166483,2025-12-10
6166483,2025-12-10
6166483,2025-12-10
6166483,2025-12-11
6166483,2025-12-11
6166483,2025-12-11
6166483,2025-12-11
6166483,2025-12-11
6166483,2025-12-11
6166483,2025-12-12
6166483,2025-12-12
6166483,2025-12-12
6166483,2025-12-12
6166483,2025-12-12
6166483,2025-12-13
6166483,2025-12-13
6166483,2025-12-13
6166483,2025-12-13
6166483,2025-12-13
6166483,2025-12-13
6166483,2025-12-13
6166483,2025-12-14
6166483,2025-12-14
6166483,2025-12-14
6166483,2025-12-14
6166483,2025-12-14
6166483,2025-12-14
6166483,2025-12-14
6166483,2025-12-14
6166483,2025-12-14
6166483,2025-12-14
6166483,2025-12-14
6166483,2025-12-15
6166483,2025-12-15
6166483,2025-12-15
6166483,2025-12-15
6166483,2025-12-15
6166483,2025-12-15
6166483,2025-12-15
6166483,2025-12-15
6166483,2025-12-15
6166483,2025-12-15
6166483,2025-12-15
6166483,2025-12-15
6166483,2025-12-15
6166483,2025-12-15
6166483,2025-12-15
6166483,2025-12-15
6166483,2025-12-15
6166483,2025-12-15
6166483,2025-12-15
6166483,2025-12-16
6166483,2025-12-16
6166483,2025-12-16
6166483,2025-12-16
6166483,2025-12-16
6166483,2025-12-17
6166483,2025-12-17
83443,2025-11-24
83443,2025-11-24
83443,2025-11-24
83443,2025-11-24
83443,2025-11-25
83443,2025-11-25
83443,2025-11-25
83443,2025-11-25
83443,2025-11-26
83443,2025-11-26
83443,2025-11-26
83443,2025-11-26
83443,2025-11-26
83443,2025-11-26
83443,2025-11-26
83443,2025-11-27
83443,2025-11-28
83443,2025-11-28
83443,2025-11-28
83443,2025-11-28
83443,2025-11-29
83443,2025-11-29
83443,2025-11-30
83443,2025-11-30
83443,2025-12-01
83443,2025-12-01
83443,2025-12-01
83443,2025-12-01
83443,2025-12-02
83443,2025-12-02
83443,2025-12-03
83443,2025-12-04
83443,2025-12-04
83443,2025-12-04
83443,2025-12-04
83443,2025-12-05
83443,2025-12-05
83443,2025-12-06
83443,2025-12-06
83443,2025-12-06
83443,2025-12-07
83443,2025-12-07
83443,2025-12-08
83443,2025-12-08
83443,2025-12-08
83443,2025-12-09
83443,2025-12-09
83443,2025-12-09
83443,2025-12-09
83443,2025-12-09
83443,2025-12-09
83443,2025-12-10
83443,2025-12-10
83443,2025-12-10
83443,2025-12-10
83443,2025-12-11
83443,2025-12-11
83443,2025-12-11
83443,2025-12-12
83443,2025-12-12
83443,2025-12-13
83443,2025-12-13
83443,2025-12-13
83443,2025-12-13
83443,2025-12-14
83443,2025-12-14
83443,2025-12-14
83443,2025-12-15
83443,2025-12-15
83443,2025-12-15
83443,2025-12-15
83443,2025-12-16
83443,2025-12-16
83443,2025-12-17
83443,2025-12-17
83443,2025-12-17
6165857,2025-11-24
6165857,2025-11-24
6165857,2025-11-24
6165857,2025-11-24
6165857,2025-11-24
6165857,2025-11-24
6165857,2025-11-24
6165857,2025-11-24
6165857,2025-11-24
6165857,2025-11-24
6165857,2025-11-24
6165857,2025-11-24
6165857,2025-11-24
6165857,2025-11-25
6165857,2025-11-25
6165857,2025-11-25
6165857,2025-11-25
6165857,2025-11-25
6165857,2025-11-25
6165857,2025-11-25
6165857,2025-11-25
6165857,2025-11-25
6165857,2025-11-25
6165857,2025-11-25
6165857,2025-11-26
6165857,2025-11-26
6165857,2025-11-26
6165857,2025-11-26
6165857,2025-11-26
6165857,2025-11-26
6165857,2025-11-26
6165857,2025-11-26
6165857,2025-11-26
6165857,2025-11-26
6165857,2025-11-26
6165857,2025-11-26
6165857,2025-11-26
6165857,2025-11-26
6165857,2025-11-26
6165857,2025-11-26
6165857,2025-11-26
6165857,2025-11-26
6165857,2025-11-26
6165857,2025-11-26
6165857,2025-11-26
6165857,2025-11-27
6165857,2025-11-27
6165857,2025-11-27
6165857,2025-11-27
6165857,2025-11-27
6165857,2025-11-27
6165857,2025-11-27
6165857,2025-11-27
6165857,2025-11-27
6165857,2025-11-27
6165857,2025-11-27
6165857,2025-11-27
6165857,2025-11-27
6165857,2025-11-27
6165857,2025-11-28
6165857,2025-11-28
6165857,2025-11-28
6165857,2025-11-28
6165857,2025-11-28
6165857,2025-11-28
6165857,2025-11-28
6165857,2025-11-28
6165857,2025-11-28
6165857,2025-11-28
6165857,2025-11-28
6165857,2025-11-28
6165857,2025-11-28
6165857,2025-11-28
6165857,2025-11-28
6165857,2025-11-28
6165857,2025-11-28
6165857,2025-11-28
6165857,2025-11-28
6165857,2025-11-28
6165857,2025-11-28
6165857,2025-11-28
6165857,2025-11-28
6165857,2025-11-28
6165857,2025-11-28
6165857,2025-11-28
6165857,2025-11-28
6165857,2025-11-28
6165857,2025-11-28
6165857,2025-11-28
6165857,2025-11-28
6165857,2025-11-28
6165857,2025-11-28
6165857,2025-11-28
6165857,2025-11-28
6165857,2025-11-29
6165857,2025-11-29
6165857,2025-11-29
6165857,2025-11-29
6165857,2025-11-29
6165857,2025-11-29
6165857,2025-11-29
6165857,2025-11-29
6165857,2025-11-29
6165857,2025-11-29
6165857,2025-11-29
6165857,2025-11-29
6165857,2025-11-29
6165857,2025-11-29
6165857,2025-11-29
6165857,2025-11-29
6165857,2025-11-29
6165857,2025-11-29
6165857,2025-11-29
6165857,2025-11-29
6165857,2025-11-30
6165857,2025-11-30
6165857,2025-11-30
6165857,2025-11-30
6165857,2025-11-30
6165857,2025-11-30
6165857,2025-11-30
6165857,2025-11-30
6165857,2025-11-30
6165857,2025-11-30
6165857,2025-11-30
6165857,2025-11-30
6165857,2025-11-30
6165857,2025-11-30
6165857,2025-11-30
6165857,2025-11-30
6165857,2025-11-30
6165857,2025-11-30
6165857,2025-11-30
6165857,2025-11-30
6165857,2025-11-30
6165857,2025-11-30
6165857,2025-11-30
6165857,2025-11-30
6165857,2025-11-30
6165857,2025-11-30
6165857,2025-11-30
6165857,2025-11-30
6165857,2025-11-30
6165857,2025-11-30
6165857,2025-11-30
6165857,2025-11-30
6165857,2025-11-30
6165857,2025-11-30
6165857,2025-11-30
6165857,2025-11-30
6165857,2025-11-30
6165857,2025-11-30
6165857,2025-11-30
6165857,2025-11-30
6165857,2025-11-30
6165857,2025-11-30
6165857,2025-12-01
6165857,2025-12-01
6165857,2025-12-01
6165857,2025-12-01
6165857,2025-12-01
6165857,2025-12-01
6165857,2025-12-01
6165857,2025-12-01
6165857,2025-12-01
6165857,2025-12-01
6165857,2025-12-01
6165857,2025-12-01
6165857,2025-12-01
6165857,2025-12-01
6165857,2025-12-01
6165857,2025-12-01
6165857,2025-12-01
6165857,2025-12-01
6165857,2025-12-01
6165857,2025-12-01
6165857,2025-12-01
6165857,2025-12-01
6165857,2025-12-02
6165857,2025-12-02
6165857,2025-12-02
6165857,2025-12-02
6165857,2025-12-02
6165857,2025-12-02
6165857,2025-12-02
6165857,2025-12-02
6165857,2025-12-02
6165857,2025-12-02
6165857,2025-12-02
6165857,2025-12-02
6165857,2025-12-02
6165857,2025-12-02
6165857,2025-12-02
6165857,2025-12-02
6165857,2025-12-02
6165857,2025-12-02
6165857,2025-12-02
6165857,2025-12-02
6165857,2025-12-02
6165857,2025-12-02
6165857,2025-12-02
6165857,2025-12-02
6165857,2025-12-02
6165857,2025-12-02
6165857,2025-12-02
6165857,2025-12-02
6165857,2025-12-02
6165857,2025-12-03
6165857,2025-12-03
6165857,2025-12-03
6165857,2025-12-03
6165857,2025-12-03
6165857,2025-12-03
6165857,2025-12-03
6165857,2025-12-03
6165857,2025-12-03
6165857,2025-12-03
6165857,2025-12-03
6165857,2025-12-03
6165857,2025-12-03
6165857,2025-12-03
6165857,2025-12-03
6165857,2025-12-03
6165857,2025-12-03
6165857,2025-12-03
6165857,2025-12-03
6165857,2025-12-03
6165857,2025-12-03
6165857,2025-12-03
6165857,2025-12-04
6165857,2025-12-04
6165857,2025-12-04
6165857,2025-12-04
6165857,2025-12-04
6165857,2025-12-04
6165857,2025-12-04
6165857,2025-12-04
6165857,2025-12-04
6165857,2025-12-04
6165857,2025-12-04
6165857,2025-12-04
6165857,2025-12-04
6165857,2025-12-04
6165857,2025-12-04
6165857,2025-12-04
6165857,2025-12-04
6165857,2025-12-04
6165857,2025-12-04
6165857,2025-12-04
6165857,2025-12-04
6165857,2025-12-04
6165857,2025-12-04
6165857,2025-12-04
6165857,2025-12-04
6165857,2025-12-04
6165857,2025-12-04
6165857,2025-12-04
6165857,2025-12-04
6165857,2025-12-04
6165857,2025-12-04
6165857,2025-12-04
6165857,2025-12-04
6165857,2025-12-04
6165857,2025-12-04
6165857,2025-12-04
6165857,2025-12-04
6165857,2025-12-04
6165857,2025-12-05
6165857,2025-12-05
6165857,2025-12-05
6165857,2025-12-05
6165857,2025-12-05
6165857,2025-12-05
6165857,2025-12-05
6165857,2025-12-05
6165857,2025-12-05
6165857,2025-12-05
6165857,2025-12-05
6165857,2025-12-05
6165857,2025-12-05
6165857,2025-12-05
6165857,2025-12-05
6165857,2025-12-05
6165857,2025-12-05
6165857,2025-12-05
6165857,2025-12-05
6165857,2025-12-05
6165857,2025-12-05
6165857,2025-12-05
6165857,2025-12-05
6165857,2025-12-05
6165857,2025-12-05
6165857,2025-12-05
6165857,2025-12-05
6165857,2025-12-05
6165857,2025-12-05
6165857,2025-12-05
6165857,2025-12-05
6165857,2025-12-05
6165857,2025-12-05
6165857,2025-12-05
6165857,2025-12-05
6165857,2025-12-05
6165857,2025-12-05
6165857,2025-12-05
6165857,2025-12-05
6165857,2025-12-05
6165857,2025-12-05
6165857,2025-12-05
6165857,2025-12-05
6165857,2025-12-05
6165857,2025-12-05
6165857,2025-12-06
6165857,2025-12-06
6165857,2025-12-06
6165857,2025-12-06
6165857,2025-12-06
6165857,2025-12-06
6165857,2025-12-06
6165857,2025-12-06
6165857,2025-12-06
6165857,2025-12-06
6165857,2025-12-06
6165857,2025-12-06
6165857,2025-12-06
6165857,2025-12-06
6165857,2025-12-06
6165857,2025-12-06
6165857,2025-12-06
6165857,2025-12-06
6165857,2025-12-06
6165857,2025-12-06
6165857,2025-12-06
6165857,2025-12-06
6165857,2025-12-06
6165857,2025-12-06
6165857,2025-12-06
6165857,2025-12-06
6165857,2025-12-06
6165857,2025-12-06
6165857,2025-12-06
6165857,2025-12-06
6165857,2025-12-06
6165857,2025-12-06
6165857,2025-12-06
6165857,2025-12-06
6165857,2025-12-06
6165857,2025-12-06
6165857,2025-12-06
6165857,2025-12-06
6165857,2025-12-06
6165857,2025-12-06
6165857,2025-12-06
6165857,2025-12-06
6165857,2025-12-06
6165857,2025-12-06
6165857,2025-12-06
6165857,2025-12-06
6165857,2025-12-06
6165857,2025-12-06
6165857,2025-12-07
6165857,2025-12-07
6165857,2025-12-07
6165857,2025-12-07
6165857,2025-12-07
6165857,2025-12-07
6165857,2025-12-07
6165857,2025-12-07
6165857,2025-12-07
6165857,2025-12-07
6165857,2025-12-07
6165857,2025-12-07
6165857,2025-12-07
6165857,2025-12-07
6165857,2025-12-07
6165857,2025-12-07
6165857,2025-12-07
6165857,2025-12-07
6165857,2025-12-07
6165857,2025-12-07
6165857,2025-12-07
6165857,2025-12-07
6165857,2025-12-07
6165857,2025-12-07
6165857,2025-12-07
6165857,2025-12-07
6165857,2025-12-07
6165857,2025-12-07
6165857,2025-12-07
6165857,2025-12-07
6165857,2025-12-07
6165857,2025-12-07
6165857,2025-12-07
6165857,2025-12-07
6165857,2025-12-07
6165857,2025-12-07
6165857,2025-12-07
6165857,2025-12-07
6165857,2025-12-07
6165857,2025-12-07
6165857,2025-12-08
6165857,2025-12-08
6165857,2025-12-08
6165857,2025-12-08
6165857,2025-12-08
6165857,2025-12-08
6165857,2025-12-08
6165857,2025-12-08
6165857,2025-12-08
6165857,2025-12-08
6165857,2025-12-08
6165857,2025-12-08
6165857,2025-12-08
6165857,2025-12-08
6165857,2025-12-08
6165857,2025-12-08
6165857,2025-12-08
6165857,2025-12-08
6165857,2025-12-08
6165857,2025-12-08
6165857,2025-12-08
6165857,2025-12-08
6165857,2025-12-08
6165857,2025-12-09
6165857,2025-12-09
6165857,2025-12-09
6165857,2025-12-09
6165857,2025-12-09
6165857,2025-12-09
6165857,2025-12-09
6165857,2025-12-09
6165857,2025-12-09
6165857,2025-12-09
6165857,2025-12-09
6165857,2025-12-09
6165857,2025-12-09
6165857,2025-12-09
6165857,2025-12-09
6165857,2025-12-09
6165857,2025-12-09
6165857,2025-12-09
6165857,2025-12-09
6165857,2025-12-09
6165857,2025-12-09
6165857,2025-12-09
6165857,2025-12-09
6165857,2025-12-09
6165857,2025-12-09
6165857,2025-12-09
6165857,2025-12-09
6165857,2025-12-09
6165857,2025-12-09
6165857,2025-12-10
6165857,2025-12-10
6165857,2025-12-10
6165857,2025-12-10
6165857,2025-12-10
6165857,2025-12-10
6165857,2025-12-10
6165857,2025-12-10
6165857,2025-12-10
6165857,2025-12-10
6165857,2025-12-10
6165857,2025-12-10
6165857,2025-12-10
6165857,2025-12-10
6165857,2025-12-10
6165857,2025-12-10
6165857,2025-12-10
6165857,2025-12-10
6165857,2025-12-10
6165857,2025-12-10
6165857,2025-12-10
6165857,2025-12-10
6165857,2025-12-10
6165857,2025-12-10
6165857,2025-12-11
6165857,2025-12-11
6165857,2025-12-11
6165857,2025-12-11
6165857,2025-12-11
6165857,2025-12-11
6165857,2025-12-11
6165857,2025-12-11
6165857,2025-12-11
6165857,2025-12-11
6165857,2025-12-11
6165857,2025-12-11
6165857,2025-12-11
6165857,2025-12-11
6165857,2025-12-11
6165857,2025-12-11
6165857,2025-12-11
6165857,2025-12-11
6165857,2025-12-11
6165857,2025-12-11
6165857,2025-12-11
6165857,2025-12-11
6165857,2025-12-11
6165857,2025-12-11
6165857,2025-12-11
6165857,2025-12-11
6165857,2025-12-11
6165857,2025-12-11
6165857,2025-12-11
6165857,2025-12-11
6165857,2025-12-11
6165857,2025-12-11
6165857,2025-12-11
6165857,2025-12-11
6165857,2025-12-12
6165857,2025-12-12
6165857,2025-12-12
6165857,2025-12-12
6165857,2025-12-12
6165857,2025-12-12
6165857,2025-12-12
6165857,2025-12-12
6165857,2025-12-12
6165857,2025-12-12
6165857,2025-12-12
6165857,2025-12-12
6165857,2025-12-12
6165857,2025-12-12
6165857,2025-12-12
6165857,2025-12-12
6165857,2025-12-12
6165857,2025-12-12
6165857,2025-12-12
6165857,2025-12-12
6165857,2025-12-12
6165857,2025-12-12
6165857,2025-12-12
6165857,2025-12-12
6165857,2025-12-12
6165857,2025-12-12
6165857,2025-12-12
6165857,2025-12-12
6165857,2025-12-12
6165857,2025-12-13
6165857,2025-12-13
6165857,2025-12-13
6165857,2025-12-13
6165857,2025-12-13
6165857,2025-12-13
6165857,2025-12-13
6165857,2025-12-13
6165857,2025-12-13
6165857,2025-12-13
6165857,2025-12-13
6165857,2025-12-13
6165857,2025-12-13
6165857,2025-12-13
6165857,2025-12-13
6165857,2025-12-13
6165857,2025-12-13
6165857,2025-12-13
6165857,2025-12-14
6165857,2025-12-14
6165857,2025-12-14
6165857,2025-12-14
6165857,2025-12-14
6165857,2025-12-14
6165857,2025-12-14
6165857,2025-12-14
6165857,2025-12-14
6165857,2025-12-14
6165857,2025-12-14
6165857,2025-12-14
6165857,2025-12-14
6165857,2025-12-14
6165857,2025-12-14
6165857,2025-12-14
6165857,2025-12-14
6165857,2025-12-14
6165857,2025-12-14
6165857,2025-12-14
6165857,2025-12-14
6165857,2025-12-14
6165857,2025-12-14
6165857,2025-12-14
6165857,2025-12-14
6165857,2025-12-14
6165857,2025-12-14
6165857,2025-12-14
6165857,2025-12-15
6165857,2025-12-15
6165857,2025-12-15
6165857,2025-12-15
6165857,2025-12-15
6165857,2025-12-15
6165857,2025-12-15
6165857,2025-12-15
6165857,2025-12-15
6165857,2025-12-15
6165857,2025-12-15
6165857,2025-12-15
6165857,2025-12-15
6165857,2025-12-15
6165857,2025-12-15
6165857,2025-12-15
6165857,2025-12-15
6165857,2025-12-15
6165857,2025-12-15
6165857,2025-12-15
6165857,2025-12-15
6165857,2025-12-15
6165857,2025-12-15
6165857,2025-12-15
6165857,2025-12-15
6165857,2025-12-15
6165857,2025-12-16
6165857,2025-12-16
6165857,2025-12-16
6165857,2025-12-16
6165857,2025-12-16
6165857,2025-12-16
6165857,2025-12-16
6165857,2025-12-16
6165857,2025-12-16
6165857,2025-12-16
6165857,2025-12-16
6165857,2025-12-16
6165857,2025-12-16
6165857,2025-12-16
6165857,2025-12-16
6165857,2025-12-16
6165857,2025-12-16
6165857,2025-12-16
6165857,2025-12-16
6165857,2025-12-16
6165857,2025-12-16
6165857,2025-12-16
6165857,2025-12-16
6165857,2025-12-17
6165857,2025-12-17
6165857,2025-12-17
6165857,2025-12-17
6165857,2025-12-17
6165857,2025-12-17
6165857,2025-12-17
6165857,2025-12-17
6165857,2025-12-17
6165857,2025-12-17
6165857,2025-12-17
6165857,2025-12-17
6165857,2025-12-17
6165857,2025-12-17
6165857,2025-12-17
6165857,2025-12-17
6165857,2025-12-17
6165857,2025-12-17
6165857,2025-12-17
6165857,2025-12-17
6165857,2025-12-17
6165857,2025-12-17
6165857,2025-12-17
6165857,2025-12-17
6165857,2025-12-17
6165857,2025-12-17
6166162,2025-11-24
6166162,2025-11-24
6166162,2025-11-25
6166162,2025-11-25
6166162,2025-11-25
6166162,2025-11-25
6166162,2025-11-25
6166162,2025-11-26
6166162,2025-11-26
6166162,2025-11-26
6166162,2025-11-26
6166162,2025-11-27
6166162,2025-11-27
6166162,2025-11-28
6166162,2025-11-29
6166162,2025-11-29
6166162,2025-11-29
6166162,2025-11-29
6166162,2025-11-29
6166162,2025-11-29
6166162,2025-11-29
6166162,2025-11-29
6166162,2025-11-29
6166162,2025-11-29
6166162,2025-11-29
6166162,2025-11-29
6166162,2025-11-29
6166162,2025-11-30
6166162,2025-12-01
6166162,2025-12-02
6166162,2025-12-02
6166162,2025-12-02
6166162,2025-12-02
6166162,2025-12-03
6166162,2025-12-03
6166162,2025-12-03
6166162,2025-12-04
6166162,2025-12-04
6166162,2025-12-04
6166162,2025-12-04
6166162,2025-12-04
6166162,2025-12-04
6166162,2025-12-04
6166162,2025-12-04
6166162,2025-12-04
6166162,2025-12-05
6166162,2025-12-05
6166162,2025-12-05
6166162,2025-12-06
6166162,2025-12-06
6166162,2025-12-06
6166162,2025-12-06
6166162,2025-12-06
6166162,2025-12-06
6166162,2025-12-06
6166162,2025-12-06
6166162,2025-12-06
6166162,2025-12-06
6166162,2025-12-06
6166162,2025-12-06
6166162,2025-12-06
6166162,2025-12-07
6166162,2025-12-08
6166162,2025-12-08
6166162,2025-12-08
6166162,2025-12-08
6166162,2025-12-08
6166162,2025-12-08
6166162,2025-12-08
6166162,2025-12-08
6166162,2025-12-09
6166162,2025-12-10
6166162,2025-12-11
6166162,2025-12-12
6166162,2025-12-12
6166162,2025-12-13
6166162,2025-12-13
6166162,2025-12-13
6166162,2025-12-13
6166162,2025-12-14
6166162,2025-12-14
6166162,2025-12-15
6166162,2025-12-15
6166162,2025-12-16
6166162,2025-12-17
6166162,2025-12-17
6166274,2025-11-24
6166274,2025-11-25
6166274,2025-11-29
6166274,2025-11-29
6166274,2025-11-29
6166274,2025-11-29
6166274,2025-11-29
6166274,2025-11-30
6166274,2025-11-30
6166274,2025-11-30
6166274,2025-11-30
6166274,2025-12-01
6166274,2025-12-01
6166274,2025-12-01
6166274,2025-12-01
6166274,2025-12-02
6166274,2025-12-02
6166274,2025-12-02
6166274,2025-12-02
6166274,2025-12-03
6166274,2025-12-03
6166274,2025-12-03
6166274,2025-12-04
6166274,2025-12-04
6166274,2025-12-05
6166274,2025-12-05
6166274,2025-12-05
6166274,2025-12-05
6166274,2025-12-05
6166274,2025-12-08
6166274,2025-12-08
6166274,2025-12-08
6166274,2025-12-08
6166274,2025-12-09
6166274,2025-12-09
6166274,2025-12-09
6166274,2025-12-09
6166274,2025-12-10
6166274,2025-12-10
6166274,2025-12-10
6166274,2025-12-11
6166274,2025-12-11
6166274,2025-12-11
6166274,2025-12-11
6166274,2025-12-11
6166274,2025-12-11
6166274,2025-12-11
6166274,2025-12-11
6166274,2025-12-11
6166274,2025-12-11
6166274,2025-12-11
6166274,2025-12-12
6166274,2025-12-13
6166274,2025-12-13
6166274,2025-12-13
6166274,2025-12-14
6166274,2025-12-14
6166274,2025-12-15
6166274,2025-12-15
6166274,2025-12-15
6166274,2025-12-16
6166274,2025-12-16
6166274,2025-12-17
6166274,2025-12-17
6166274,2025-12-17
6166274,2025-12-17
6166305,2025-11-24
6166305,2025-11-24
6166305,2025-11-24
6166305,2025-11-24
6166305,2025-11-24
6166305,2025-11-24
6166305,2025-11-24
6166305,2025-11-25
6166305,2025-11-25
6166305,2025-11-25
6166305,2025-11-26
6166305,2025-11-26
6166305,2025-11-26
6166305,2025-11-27
6166305,2025-11-28
6166305,2025-11-29
6166305,2025-11-29
6166305,2025-11-29
6166305,2025-11-29
6166305,2025-11-29
6166305,2025-11-29
6166305,2025-11-29
6166305,2025-11-29
6166305,2025-11-29
6166305,2025-11-29
6166305,2025-11-29
6166305,2025-11-30
6166305,2025-12-01
6166305,2025-12-01
6166305,2025-12-01
6166305,2025-12-01
6166305,2025-12-01
6166305,2025-12-01
6166305,2025-12-01
6166305,2025-12-01
6166305,2025-12-01
6166305,2025-12-01
6166305,2025-12-01
6166305,2025-12-02
6166305,2025-12-02
6166305,2025-12-03
6166305,2025-12-03
6166305,2025-12-05
6166305,2025-12-05
6166305,2025-12-05
6166305,2025-12-06
6166305,2025-12-07
6166305,2025-12-07
6166305,2025-12-07
6166305,2025-12-07
6166305,2025-12-07
6166305,2025-12-07
6166305,2025-12-07
6166305,2025-12-07
6166305,2025-12-08
6166305,2025-12-08
6166305,2025-12-09
6166305,2025-12-09
6166305,2025-12-09
6166305,2025-12-09
6166305,2025-12-09
6166305,2025-12-09
6166305,2025-12-10
6166305,2025-12-10
6166305,2025-12-10
6166305,2025-12-10
6166305,2025-12-11
6166305,2025-12-11
6166305,2025-12-12
6166305,2025-12-12
6166305,2025-12-12
6166305,2025-12-12
6166305,2025-12-12
6166305,2025-12-12
6166305,2025-12-12
6166305,2025-12-12
6166305,2025-12-12
6166305,2025-12-12
6166305,2025-12-12
6166305,2025-12-12
6166305,2025-12-13
6166305,2025-12-13
6166305,2025-12-13
6166305,2025-12-13
6166305,2025-12-13
6166305,2025-12-13
6166305,2025-12-13
6166305,2025-12-13
6166305,2025-12-13
6166305,2025-12-13
6166305,2025-12-13
6166305,2025-12-14
6166305,2025-12-14
6166305,2025-12-14
6166305,2025-12-14
6166305,2025-12-15
6166305,2025-12-16
6166305,2025-12-16
6166305,2025-12-16
6166305,2025-12-16
6166305,2025-12-16
6166305,2025-12-17
6166305,2025-12-17
6166305,2025-12-17
6166305,2025-12-17
6166306,2025-11-24
6166306,2025-11-24
6166306,2025-11-24
6166306,2025-11-24
6166306,2025-11-24
6166306,2025-11-24
6166306,2025-11-24
6166306,2025-11-24
6166306,2025-11-24
6166306,2025-11-24
6166306,2025-11-24
6166306,2025-11-24
6166306,2025-11-24
6166306,2025-11-24
6166306,2025-11-24
6166306,2025-11-24
6166306,2025-11-24
6166306,2025-11-24
6166306,2025-11-24
6166306,2025-11-25
6166306,2025-11-25
6166306,2025-11-25
6166306,2025-11-25
6166306,2025-11-25
6166306,2025-11-25
6166306,2025-11-25
6166306,2025-11-25
6166306,2025-11-25
6166306,2025-11-25
6166306,2025-11-25
6166306,2025-11-25
6166306,2025-11-26
6166306,2025-11-26
6166306,2025-11-26
6166306,2025-11-26
6166306,2025-11-26
6166306,2025-11-26
6166306,2025-11-26
6166306,2025-11-26
6166306,2025-11-26
6166306,2025-11-26
6166306,2025-11-26
6166306,2025-11-26
6166306,2025-11-26
6166306,2025-11-26
6166306,2025-11-26
6166306,2025-11-26
6166306,2025-11-26
6166306,2025-11-26
6166306,2025-11-26
6166306,2025-11-26
6166306,2025-11-26
6166306,2025-11-27
6166306,2025-11-27
6166306,2025-11-27
6166306,2025-11-27
6166306,2025-11-27
6166306,2025-11-27
6166306,2025-11-27
6166306,2025-11-27
6166306,2025-11-27
6166306,2025-11-27
6166306,2025-11-27
6166306,2025-11-27
6166306,2025-11-27
6166306,2025-11-27
6166306,2025-11-27
6166306,2025-11-27
6166306,2025-11-28
6166306,2025-11-28
6166306,2025-11-28
6166306,2025-11-28
6166306,2025-11-28
6166306,2025-11-28
6166306,2025-11-28
6166306,2025-11-28
6166306,2025-11-28
6166306,2025-11-28
6166306,2025-11-28
6166306,2025-11-28
6166306,2025-11-28
6166306,2025-11-28
6166306,2025-11-28
6166306,2025-11-28
6166306,2025-11-28
6166306,2025-11-28
6166306,2025-11-29
6166306,2025-11-29
6166306,2025-11-29
6166306,2025-11-29
6166306,2025-11-29
6166306,2025-11-29
6166306,2025-11-29
6166306,2025-11-29
6166306,2025-11-30
6166306,2025-11-30
6166306,2025-11-30
6166306,2025-11-30
6166306,2025-11-30
6166306,2025-11-30
6166306,2025-12-01
6166306,2025-12-01
6166306,2025-12-01
6166306,2025-12-01
6166306,2025-12-01
6166306,2025-12-01
6166306,2025-12-01
6166306,2025-12-01
6166306,2025-12-03
6166306,2025-12-03
6166306,2025-12-03
6166306,2025-12-03
6166306,2025-12-03
6166306,2025-12-03
6166306,2025-12-03
6166306,2025-12-03
6166306,2025-12-03
6166306,2025-12-03
6166306,2025-12-03
6166306,2025-12-03
6166306,2025-12-03
6166306,2025-12-03
6166306,2025-12-03
6166306,2025-12-03
6166306,2025-12-03
6166306,2025-12-04
6166306,2025-12-04
6166306,2025-12-04
6166306,2025-12-04
6166306,2025-12-04
6166306,2025-12-04
6166306,2025-12-04
6166306,2025-12-04
6166306,2025-12-04
6166306,2025-12-04
6166306,2025-12-05
6166306,2025-12-05
6166306,2025-12-05
6166306,2025-12-05
6166306,2025-12-05
6166306,2025-12-05
6166306,2025-12-05
6166306,2025-12-05
6166306,2025-12-05
6166306,2025-12-05
6166306,2025-12-05
6166306,2025-12-05
6166306,2025-12-06
6166306,2025-12-06
6166306,2025-12-06
6166306,2025-12-06
6166306,2025-12-06
6166306,2025-12-06
6166306,2025-12-06
6166306,2025-12-06
6166306,2025-12-06
6166306,2025-12-06
6166306,2025-12-06
6166306,2025-12-06
6166306,2025-12-06
6166306,2025-12-06
6166306,2025-12-06
6166306,2025-12-06
6166306,2025-12-06
6166306,2025-12-06
6166306,2025-12-07
6166306,2025-12-07
6166306,2025-12-07
6166306,2025-12-07
6166306,2025-12-07
6166306,2025-12-07
6166306,2025-12-07
6166306,2025-12-07
6166306,2025-12-07
6166306,2025-12-07
6166306,2025-12-07
6166306,2025-12-07
6166306,2025-12-07
6166306,2025-12-08
6166306,2025-12-08
6166306,2025-12-08
6166306,2025-12-08
6166306,2025-12-08
6166306,2025-12-08
6166306,2025-12-08
6166306,2025-12-08
6166306,2025-12-08
6166306,2025-12-08
6166306,2025-12-09
6166306,2025-12-09
6166306,2025-12-09
6166306,2025-12-09
6166306,2025-12-09
6166306,2025-12-09
6166306,2025-12-09
6166306,2025-12-09
6166306,2025-12-09
6166306,2025-12-09
6166306,2025-12-09
6166306,2025-12-10
6166306,2025-12-10
6166306,2025-12-10
6166306,2025-12-10
6166306,2025-12-10
6166306,2025-12-10
6166306,2025-12-10
6166306,2025-12-10
6166306,2025-12-10
6166306,2025-12-10
6166306,2025-12-10
6166306,2025-12-10
6166306,2025-12-10
6166306,2025-12-10
6166306,2025-12-10
6166306,2025-12-10
6166306,2025-12-10
6166306,2025-12-11
6166306,2025-12-11
6166306,2025-12-11
6166306,2025-12-11
6166306,2025-12-11
6166306,2025-12-11
6166306,2025-12-11
6166306,2025-12-11
6166306,2025-12-11
6166306,2025-12-11
6166306,2025-12-11
6166306,2025-12-11
6166306,2025-12-12
6166306,2025-12-12
6166306,2025-12-12
6166306,2025-12-12
6166306,2025-12-12
6166306,2025-12-12
6166306,2025-12-12
6166306,2025-12-12
6166306,2025-12-12
6166306,2025-12-12
6166306,2025-12-12
6166306,2025-12-12
6166306,2025-12-12
6166306,2025-12-12
6166306,2025-12-12
6166306,2025-12-13
6166306,2025-12-13
6166306,2025-12-13
6166306,2025-12-13
6166306,2025-12-13
6166306,2025-12-13
6166306,2025-12-13
6166306,2025-12-13
6166306,2025-12-13
6166306,2025-12-13
6166306,2025-12-13
6166306,2025-12-13
6166306,2025-12-13
6166306,2025-12-14
6166306,2025-12-14
6166306,2025-12-14
6166306,2025-12-14
6166306,2025-12-14
6166306,2025-12-14
6166306,2025-12-14
6166306,2025-12-14
6166306,2025-12-14
6166306,2025-12-14
6166306,2025-12-14
6166306,2025-12-14
6166306,2025-12-14
6166306,2025-12-14
6166306,2025-12-14
6166306,2025-12-14
6166306,2025-12-14
6166306,2025-12-14
6166306,2025-12-14
6166306,2025-12-15
6166306,2025-12-15
6166306,2025-12-15
6166306,2025-12-15
6166306,2025-12-15
6166306,2025-12-15
6166306,2025-12-15
6166306,2025-12-16
6166306,2025-12-16
6166306,2025-12-16
6166306,2025-12-16
6166306,2025-12-16
6166306,2025-12-16
6166306,2025-12-16
6166306,2025-12-16
6166306,2025-12-16
6166306,2025-12-16
6166306,2025-12-16
6166306,2025-12-16
6166306,2025-12-17
6166306,2025-12-17
6166306,2025-12-17
6166306,2025-12-17
6166306,2025-12-17
6166306,2025-12-17
6166306,2025-12-17
6166306,2025-12-17
6166306,2025-12-17
6166306,2025-12-17
